name,ecapa_cos_mean,ecapa_cos_std,count,dnsmos_p808_mean,dnsmos_p808_std,dnsmos_sig_mean,dnsmos_sig_std,dnsmos_bak_mean,dnsmos_bak_std,dnsmos_ovr_mean,dnsmos_ovr_std
original,0.9999999868869781,7.436952758635848e-08,300,3.050243421100435,0.23513381104495876,3.2309267350593416,0.3713587652836165,3.2253586782567814,0.4590828290237858,2.596128871731708,0.37026601122320457
noise_degraded,0.9494669326146443,0.041764857755093844,300,2.803015498628692,0.2353215734550551,2.4490575133884236,0.8251526660236204,1.9792567965151198,0.6208523921044735,1.7907272296298289,0.5290055705886365
hubert_large_l2,0.688731447160244,0.06276563002826571,300,3.1072856800385886,0.23204310756646057,3.271121402580063,0.1886189890298814,3.64059973449956,0.24070088856824107,2.7577867637388573,0.2206539901929696
mhubert_l6,0.5240665201842785,0.10163385066011302,300,3.4740742364478487,0.27810250410296766,3.348599887545861,0.19448651716509424,4.095195120179198,0.10021498835544398,3.0956964281955064,0.2067577011406275
miipher_1,0.6960392619172732,0.08371855199385392,300,3.536531817578134,0.2930578353680913,3.3452072112208695,0.1907791842371167,4.061753196933847,0.10214940153058852,3.0796673145208087,0.20281000017931688
wav2vec2_base_l2,0.6112834508220355,0.08663966863767417,300,3.518550822131217,0.25897106099315137,3.3521183915677053,0.19190458214226785,4.087553531975515,0.0939524196407561,3.0846790690758463,0.20412992137199953
wavlm_base_l2,0.6478396042188008,0.08288519060456478,300,3.5249499833281077,0.2503511193584741,3.3355331494241525,0.18966846982122368,4.080146309112477,0.1001820208404826,3.063547710308511,0.20543776670348513
